{"type": "final_metrics", "pdr": 0.37833333333333335, "avg_delay": 0.27133303964756966, "throughput": 172.032, "overhead": 90350, "energy": 871.0000000000047, "sim_time": 60, "protocol": "DSDV", "timestamp": "2025-08-10 20:26:22"}