{"type": "final_metrics", "pdr": 0.10833333333333334, "avg_delay": 1.1242615384617867, "throughput": 8.192, "overhead": 820, "energy": 462.00000000000244, "sim_time": 60, "protocol": "AODV", "timestamp": "2025-08-10 20:23:31"}