{"type": "final_metrics", "pdr": 0.016666666666666666, "avg_delay": 0.270999999999999, "throughput": 0.0, "overhead": 59, "energy": 6000.1, "sim_time": 60, "protocol": "AODV", "timestamp": "2025-08-10 20:21:12"}